,listing_url
0,http://www.indeed.com/rc/clk?jk=0c47ce0f5049af94&fccid=ab1f45b81c4d4c99&vjs=3
1,http://www.indeed.com/rc/clk?jk=796578b031f2d7b0&fccid=15530f740b369340&vjs=3
2,http://www.indeed.com/rc/clk?jk=21091c4562d65586&fccid=80a9b1572566bb76&vjs=3
3,http://www.indeed.com/rc/clk?jk=980a2949f46bbb4f&fccid=eacce60f6c6b75f5&vjs=3
4,http://www.indeed.com/rc/clk?jk=d78ff4743e3e2902&fccid=a84170b5a8a8d5cc&vjs=3
5,http://www.indeed.com/rc/clk?jk=332e97c3f44ce675&fccid=dca1895e1760540c&vjs=3
6,http://www.indeed.com/rc/clk?jk=900d6b02bb3b991b&fccid=fe404d18bb9eef1e&vjs=3
7,http://www.indeed.com/rc/clk?jk=6f2fb7eb8b4b363c&fccid=5c7e27f7da3c1e47&vjs=3
8,http://www.indeed.com/rc/clk?jk=8ddaf9a1c01f06bd&fccid=fe2d21eef233e94a&vjs=3
9,http://www.indeed.com/rc/clk?jk=c2ed3e2929985836&fccid=8d0ce3817d129779&vjs=3
10,http://www.indeed.com/rc/clk?jk=ae280eebc1eb5299&fccid=76ea8d2d6128b593&vjs=3
11,http://www.indeed.com/rc/clk?jk=dc69fd7d08988b9c&fccid=12e41f7040f168e8&vjs=3
12,http://www.indeed.com/rc/clk?jk=66488ef81d454081&fccid=c67533a523c83a4c&vjs=3
13,http://www.indeed.com/rc/clk?jk=900d6b02bb3b991b&fccid=fe404d18bb9eef1e&vjs=3
14,http://www.indeed.com/rc/clk?jk=cd55c8bb60ed5cde&fccid=fe2d21eef233e94a&vjs=3
15,http://www.indeed.com/rc/clk?jk=5d6dc74808f153fe&fccid=b2a2b698f491af18&vjs=3
16,http://www.indeed.com/rc/clk?jk=154dccc043eb646f&fccid=28dd3b780624bbf1&vjs=3
17,http://www.indeed.com/rc/clk?jk=c23ded9a33bc761f&fccid=1f76ae0eaa63d5f6&vjs=3
18,http://www.indeed.com/rc/clk?jk=6f2fb7eb8b4b363c&fccid=5c7e27f7da3c1e47&vjs=3
19,http://www.indeed.com/rc/clk?jk=b52d8f870076b20a&fccid=7744852856e2842e&vjs=3
20,http://www.indeed.com/rc/clk?jk=a9698352a8350280&fccid=359b6e621014c888&vjs=3
21,http://www.indeed.com/rc/clk?jk=7ee49819d35d2607&fccid=4e041af1d0af1bc8&vjs=3
22,http://www.indeed.com/rc/clk?jk=1eb5408d715b3307&fccid=fe404d18bb9eef1e&vjs=3
23,http://www.indeed.com/rc/clk?jk=0b5d854e13fb728e&fccid=19f93cb61d1a5b31&vjs=3
24,http://www.indeed.com/rc/clk?jk=e9c4ce13326ee710&fccid=8860dd252e565f8d&vjs=3
25,http://www.indeed.com/rc/clk?jk=558ad01c7557fcd7&fccid=43014b1412e0a7b6&vjs=3
26,http://www.indeed.com/rc/clk?jk=a79221be263f9865&fccid=c1099851e9794854&vjs=3
27,http://www.indeed.com/rc/clk?jk=971ebf17fcdcf31f&fccid=8d0ce3817d129779&vjs=3
28,http://www.indeed.com/rc/clk?jk=66488ef81d454081&fccid=c67533a523c83a4c&vjs=3
29,http://www.indeed.com/rc/clk?jk=55e4ed163b75e06b&fccid=7039fb7b00b8b3a8&vjs=3
30,http://www.indeed.com/rc/clk?jk=345f2185cfe58d13&fccid=8a813d7674dea751&vjs=3
31,http://www.indeed.com/rc/clk?jk=8fbb225d09c2e09a&fccid=f0982fe98d8ebba0&vjs=3
32,http://www.indeed.com/rc/clk?jk=c742e3551bfa2f98&fccid=29d1068322b2cd21&vjs=3
33,http://www.indeed.com/rc/clk?jk=1f121b1dc53bd65d&fccid=fe2d21eef233e94a&vjs=3
34,http://www.indeed.com/rc/clk?jk=7a26e77c654ebf3e&fccid=0261b4753802fd26&vjs=3
35,http://www.indeed.com/rc/clk?jk=851d784993c4eb81&fccid=5c80575a010bbc63&vjs=3
36,http://www.indeed.com/rc/clk?jk=602e88acaf1bee41&fccid=da3c7fed78dd1607&vjs=3
37,http://www.indeed.com/rc/clk?jk=04c23abfd3d600fa&fccid=8c49e99f20f89e48&vjs=3
38,http://www.indeed.com/rc/clk?jk=1deb8b8abef16558&fccid=4983b5e32f963a34&vjs=3
39,http://www.indeed.com/rc/clk?jk=8bc2740b4d69ef95&fccid=af1f9ae059f21294&vjs=3
40,http://www.indeed.com/rc/clk?jk=738fe6188daacd19&fccid=de71a49b535e21cb&vjs=3
41,http://www.indeed.com/rc/clk?jk=ba63c3289bc1ad60&fccid=92e63b32d73ded6e&vjs=3
42,http://www.indeed.com/rc/clk?jk=b16c48b484aad139&fccid=055f6fcbeba464fd&vjs=3
43,http://www.indeed.com/rc/clk?jk=ae280eebc1eb5299&fccid=76ea8d2d6128b593&vjs=3
44,http://www.indeed.com/rc/clk?jk=2b84203eec794c60&fccid=d978045561911d24&vjs=3
45,http://www.indeed.com/rc/clk?jk=3ed3d1756fc33dc5&fccid=9a4f13cfc6042a6a&vjs=3
46,http://www.indeed.com/rc/clk?jk=69c70081832336a4&fccid=ff230eb38ad411b5&vjs=3
47,http://www.indeed.com/rc/clk?jk=2ee1c4d06864ec89&fccid=0583e4d049538c8f&vjs=3
48,http://www.indeed.com/rc/clk?jk=e954b433367813e5&fccid=145f77b9f76cf553&vjs=3
49,http://www.indeed.com/rc/clk?jk=34b9075c5b3fdafe&fccid=4810863341d86f72&vjs=3
50,http://www.indeed.com/rc/clk?jk=0c86c80ad98b2edc&fccid=cd22d01053af7669&vjs=3
51,http://www.indeed.com/rc/clk?jk=e56c15ad5daa0a8a&fccid=1503f9b2e8718009&vjs=3
52,http://www.indeed.com/rc/clk?jk=813ff1a7c8184904&fccid=f89deb5a97c7738a&vjs=3
53,http://www.indeed.com/rc/clk?jk=289f9dac2f5ba0a4&fccid=98eb9367230d83da&vjs=3
54,http://www.indeed.com/rc/clk?jk=da86ab53e4c03727&fccid=f766f8bfbc3effb7&vjs=3
55,http://www.indeed.com/rc/clk?jk=eab38243654cfa65&fccid=cd22d01053af7669&vjs=3
56,http://www.indeed.com/rc/clk?jk=e46075d8e05a72da&fccid=f79a2a26521bbdd6&vjs=3
57,http://www.indeed.com/rc/clk?jk=f137b78524037d97&fccid=e9870e3159e9c6ac&vjs=3
58,http://www.indeed.com/rc/clk?jk=3296f34f213da3d9&fccid=9a5cf6c05095891b&vjs=3
59,http://www.indeed.com/rc/clk?jk=671d62dbb3881959&fccid=f334737e3fd6818e&vjs=3
60,http://www.indeed.com/rc/clk?jk=361e786d589d53f3&fccid=d2310af9b3bb8585&vjs=3
61,http://www.indeed.com/rc/clk?jk=1f80fc66dd9b9dd1&fccid=cd22d01053af7669&vjs=3
62,http://www.indeed.com/rc/clk?jk=a93b1a6e555718c5&fccid=f057e04c37cca134&vjs=3
63,http://www.indeed.com/rc/clk?jk=249cb9952c58cbe7&fccid=16c02f36bac8d66b&vjs=3
64,http://www.indeed.com/rc/clk?jk=06b0d415e7f5de2a&fccid=f766f8bfbc3effb7&vjs=3
65,http://www.indeed.com/rc/clk?jk=ae416685deba77b5&fccid=a5b4499d9e91a5c6&vjs=3
66,http://www.indeed.com/rc/clk?jk=971ebf17fcdcf31f&fccid=8d0ce3817d129779&vjs=3
67,http://www.indeed.com/rc/clk?jk=9099c50f072017d3&fccid=d3ee4a7355a0fb60&vjs=3
68,http://www.indeed.com/rc/clk?jk=187db2c7c5d47500&fccid=d2841a5c0380b93d&vjs=3
69,http://www.indeed.com/rc/clk?jk=1b735873b1d7bdbe&fccid=1196f2e3f43d848d&vjs=3
70,http://www.indeed.com/rc/clk?jk=1443c7629e85f15a&fccid=c20166dea913bffc&vjs=3
71,http://www.indeed.com/rc/clk?jk=ea5d4efe66efa7a4&fccid=3599cd50cd3fa6d0&vjs=3
72,http://www.indeed.com/rc/clk?jk=e61bca2601ab7923&fccid=35a5820b212db4cc&vjs=3
73,http://www.indeed.com/rc/clk?jk=a562c01ef27f157a&fccid=2591a885cb58d5d6&vjs=3
74,http://www.indeed.com/rc/clk?jk=4bea9d0b4a61b073&fccid=8a931af93d1f4f3b&vjs=3
75,http://www.indeed.com/rc/clk?jk=aaaaf8c02d78bafe&fccid=f19a0ec392b9790f&vjs=3
76,http://www.indeed.com/rc/clk?jk=2972f0431dda266b&fccid=7ccef8ac27d888c8&vjs=3
77,http://www.indeed.com/rc/clk?jk=e2ee8173756a5d9c&fccid=f766f8bfbc3effb7&vjs=3
78,http://www.indeed.com/rc/clk?jk=4df5e9a053f32646&fccid=e9870e3159e9c6ac&vjs=3
79,http://www.indeed.com/rc/clk?jk=9c57dbdc58fe6029&fccid=474b9602e1305593&vjs=3
80,http://www.indeed.com/rc/clk?jk=9ce4ee2aad5534c3&fccid=b868f07d84101767&vjs=3
81,http://www.indeed.com/rc/clk?jk=a38a75b59740195d&fccid=59237124d676ae4d&vjs=3
82,http://www.indeed.com/rc/clk?jk=9bcc0dc2fe1b61a8&fccid=d12645453d9cc8ea&vjs=3
83,http://www.indeed.com/rc/clk?jk=7bff4299812dbec9&fccid=dd616958bd9ddc12&vjs=3
84,http://www.indeed.com/rc/clk?jk=98edfe3cf2da7a81&fccid=59594c2798abdbf8&vjs=3
85,http://www.indeed.com/rc/clk?jk=738fe6188daacd19&fccid=de71a49b535e21cb&vjs=3
86,http://www.indeed.com/rc/clk?jk=fd14f9e0558ac006&fccid=822bc5d9a49270ea&vjs=3
87,http://www.indeed.com/rc/clk?jk=8581f40100d96fb1&fccid=8e4ade64e8feb2ea&vjs=3
88,http://www.indeed.com/rc/clk?jk=85a24b62479fad81&fccid=822bc5d9a49270ea&vjs=3
89,http://www.indeed.com/rc/clk?jk=4cf596b4f98acd9c&fccid=f766f8bfbc3effb7&vjs=3
90,http://www.indeed.com/rc/clk?jk=0c86c80ad98b2edc&fccid=cd22d01053af7669&vjs=3
91,http://www.indeed.com/rc/clk?jk=a9d7e28f60530d39&fccid=ee6a99db163236c2&vjs=3
92,http://www.indeed.com/rc/clk?jk=1b3cece85a1d070e&fccid=fc49ba29ac1ff036&vjs=3
93,http://www.indeed.com/rc/clk?jk=7d0095d206bac1be&fccid=39cdc80b98113925&vjs=3
94,http://www.indeed.com/rc/clk?jk=6b89b4f973972d19&fccid=1f4fef55263d4309&vjs=3
95,http://www.indeed.com/rc/clk?jk=c2ed3e2929985836&fccid=8d0ce3817d129779&vjs=3
96,http://www.indeed.com/rc/clk?jk=504ad03cdf5138d6&fccid=8c49e99f20f89e48&vjs=3
97,http://www.indeed.com/rc/clk?jk=915606c6a560277d&fccid=10c1f2532daaed15&vjs=3
98,http://www.indeed.com/rc/clk?jk=06b0d415e7f5de2a&fccid=f766f8bfbc3effb7&vjs=3
99,http://www.indeed.com/rc/clk?jk=0250f7da13b7b0ff&fccid=8fd36856966c7aad&vjs=3
100,http://www.indeed.com/rc/clk?jk=2ee1c4d06864ec89&fccid=0583e4d049538c8f&vjs=3
101,http://www.indeed.com/rc/clk?jk=1463e4c1d9218e2b&fccid=49dc254e6f3ca06d&vjs=3
102,http://www.indeed.com/rc/clk?jk=70412c18f3be0f2e&fccid=85806092f576a90e&vjs=3
103,http://www.indeed.com/rc/clk?jk=e22fb0c879fe8800&fccid=ccacdb1cb7d4a077&vjs=3
104,http://www.indeed.com/rc/clk?jk=29f56e589cac4ca0&fccid=4fbc4ebd829fd708&vjs=3
105,http://www.indeed.com/rc/clk?jk=7078a1a6fe31c230&fccid=a7626cbc3cfa3f9c&vjs=3
106,http://www.indeed.com/rc/clk?jk=2f0c0cc060f19b1b&fccid=e7826c26cfdeaeeb&vjs=3
107,http://www.indeed.com/rc/clk?jk=3dc5a440a8d1b30b&fccid=f29ed14ab66f467f&vjs=3
108,http://www.indeed.com/rc/clk?jk=5a64eea9c1f2a2d2&fccid=3fc1e7f5af93d293&vjs=3
109,http://www.indeed.com/rc/clk?jk=2d6475a88cc39ee5&fccid=822bc5d9a49270ea&vjs=3
110,http://www.indeed.com/rc/clk?jk=d2065507b45d1d0b&fccid=03925754e1730576&vjs=3
111,http://www.indeed.com/rc/clk?jk=fade16962366143f&fccid=f0d24997b1d9e206&vjs=3
112,http://www.indeed.com/rc/clk?jk=915606c6a560277d&fccid=10c1f2532daaed15&vjs=3
113,http://www.indeed.com/rc/clk?jk=d827fadd603bccf4&fccid=4bb34e973af10c48&vjs=3
114,http://www.indeed.com/rc/clk?jk=f545c4c85a4afd1f&fccid=ba63ed356d8ec12e&vjs=3
115,http://www.indeed.com/rc/clk?jk=0003e8d1aa30cb93&fccid=69c7d55b78dc7424&vjs=3
116,http://www.indeed.com/rc/clk?jk=b5f5f39dfbfeb092&fccid=0640b0ceb23a18df&vjs=3
117,http://www.indeed.com/rc/clk?jk=395dfc11d62c092e&fccid=d38bfdd9cfc9455e&vjs=3
118,http://www.indeed.com/rc/clk?jk=1da79598fcf1545e&fccid=6945a49c8dcc096e&vjs=3
119,http://www.indeed.com/rc/clk?jk=d37cbf98e7491ec2&fccid=65495c3aac7d0482&vjs=3
120,http://www.indeed.com/rc/clk?jk=bb9fa8488cca69d9&fccid=2c749d549b16ad16&vjs=3
121,http://www.indeed.com/rc/clk?jk=7ac3185b0b3d9534&fccid=ee32437d8dec00bd&vjs=3
122,http://www.indeed.com/rc/clk?jk=eab38243654cfa65&fccid=cd22d01053af7669&vjs=3
123,http://www.indeed.com/rc/clk?jk=0b5d854e13fb728e&fccid=19f93cb61d1a5b31&vjs=3
124,http://www.indeed.com/rc/clk?jk=b53f16eea7dd5667&fccid=d072500b76ca23c2&vjs=3
125,http://www.indeed.com/rc/clk?jk=e954b433367813e5&fccid=145f77b9f76cf553&vjs=3
126,http://www.indeed.com/rc/clk?jk=89b2e98d4af3325f&fccid=761c44c17d636bfe&vjs=3
127,http://www.indeed.com/rc/clk?jk=f9a8f783630860ce&fccid=58b60cc2d68c136c&vjs=3
128,http://www.indeed.com/rc/clk?jk=1bed9c1f8e27705c&fccid=f766f8bfbc3effb7&vjs=3
129,http://www.indeed.com/rc/clk?jk=c57edb26144d85a8&fccid=44e83bef98759943&vjs=3
130,http://www.indeed.com/rc/clk?jk=ab4b358ccf594831&fccid=d0977671a0c62269&vjs=3
131,http://www.indeed.com/rc/clk?jk=21e29ea36e773582&fccid=8d0ce3817d129779&vjs=3
132,http://www.indeed.com/rc/clk?jk=d2065507b45d1d0b&fccid=03925754e1730576&vjs=3
133,http://www.indeed.com/rc/clk?jk=43142ef17aef25ad&fccid=cb84764e2fbaff65&vjs=3
134,http://www.indeed.com/rc/clk?jk=825a43a097deb49a&fccid=61b330b512270335&vjs=3
135,http://www.indeed.com/rc/clk?jk=edaab9012cac5413&fccid=756b56d5afcb7d62&vjs=3
136,http://www.indeed.com/rc/clk?jk=cd6abb559e73168f&fccid=0e320a79c1409230&vjs=3
137,http://www.indeed.com/rc/clk?jk=7ebd0cc791ca0327&fccid=a3b99287cfeec2b7&vjs=3
138,http://www.indeed.com/rc/clk?jk=b16c48b484aad139&fccid=055f6fcbeba464fd&vjs=3
139,http://www.indeed.com/rc/clk?jk=2afbec233fced262&fccid=4871fadaa5e694da&vjs=3
140,http://www.indeed.com/rc/clk?jk=6fbbf490508e890a&fccid=fb4a6f12355344c4&vjs=3
141,http://www.indeed.com/rc/clk?jk=2ddb23f0cd270b04&fccid=6a49665f89972ee4&vjs=3
142,http://www.indeed.com/rc/clk?jk=813ff1a7c8184904&fccid=f89deb5a97c7738a&vjs=3
143,http://www.indeed.com/rc/clk?jk=d9b4e94cfc8c8e13&fccid=82656d64a9a3e6a7&vjs=3
144,http://www.indeed.com/rc/clk?jk=5e7785116eb4011f&fccid=8c49e99f20f89e48&vjs=3
145,http://www.indeed.com/rc/clk?jk=df61428887bba998&fccid=347529ce49ee92b3&vjs=3
146,http://www.indeed.com/rc/clk?jk=89a2512e4b0c450c&fccid=8c49e99f20f89e48&vjs=3
147,http://www.indeed.com/rc/clk?jk=52017b66160e5f3e&fccid=ae0c894528aa6eee&vjs=3
148,http://www.indeed.com/rc/clk?jk=a6fa7c216d09880b&fccid=c171c71bc18faa8f&vjs=3
149,http://www.indeed.com/rc/clk?jk=cdf4488bd98e6a46&fccid=e9870e3159e9c6ac&vjs=3
150,http://www.indeed.com/rc/clk?jk=c1c6732983aba5e3&fccid=3f2190b9770ec0df&vjs=3
151,http://www.indeed.com/rc/clk?jk=fbbeed55473dfd05&fccid=4b5d257051285786&vjs=3
152,http://www.indeed.com/rc/clk?jk=6e91cede887143d7&fccid=f5d526c81b4033de&vjs=3
153,http://www.indeed.com/rc/clk?jk=36f52ddeed102607&fccid=def0345f99ba0884&vjs=3
154,http://www.indeed.com/rc/clk?jk=8254a0dbde9fff8e&fccid=c1e8803caacbb1f7&vjs=3
155,http://www.indeed.com/rc/clk?jk=3c65dd07a4c8fa46&fccid=e76dadb9a0d8a2cf&vjs=3
156,http://www.indeed.com/rc/clk?jk=ba63c3289bc1ad60&fccid=92e63b32d73ded6e&vjs=3
157,http://www.indeed.com/rc/clk?jk=ca79ed435ca66c1e&fccid=734cb5a01ee60f80&vjs=3
158,http://www.indeed.com/rc/clk?jk=7cfdc637365e8499&fccid=fe2d21eef233e94a&vjs=3
159,http://www.indeed.com/rc/clk?jk=1b80b39797e4a60a&fccid=dddf4f1aae8f4f8a&vjs=3
160,http://www.indeed.com/rc/clk?jk=05f54a60cb1cce39&fccid=9dbf661f5293a80e&vjs=3
161,http://www.indeed.com/rc/clk?jk=19cef8900d3d1ed0&fccid=42990398a9ce48d0&vjs=3
162,http://www.indeed.com/rc/clk?jk=32c16b284a876b20&fccid=b6cbe54d4f54ff6d&vjs=3
163,http://www.indeed.com/rc/clk?jk=16465edcf1b02b6c&fccid=12626f295bf6a003&vjs=3
164,http://www.indeed.com/rc/clk?jk=5f7aabbc4ad47969&fccid=8c49e99f20f89e48&vjs=3
165,http://www.indeed.com/rc/clk?jk=f3e1f31a8f59f47f&fccid=766cc268df4d6eaf&vjs=3
166,http://www.indeed.com/rc/clk?jk=b7c1dfb069011b83&fccid=cba94a481c16bedf&vjs=3
167,http://www.indeed.com/rc/clk?jk=a38a75b59740195d&fccid=59237124d676ae4d&vjs=3
168,http://www.indeed.com/rc/clk?jk=6c9b7b0eed4419bb&fccid=518acc75d1476dc2&vjs=3
169,http://www.indeed.com/rc/clk?jk=796bc313e45392da&fccid=5b0f69175b6d1208&vjs=3
170,http://www.indeed.com/rc/clk?jk=34a3f8f34d9338e1&fccid=9e215d88a6b33622&vjs=3
171,http://www.indeed.com/rc/clk?jk=5d6dc74808f153fe&fccid=b2a2b698f491af18&vjs=3
172,http://www.indeed.com/rc/clk?jk=2972f0431dda266b&fccid=7ccef8ac27d888c8&vjs=3
173,http://www.indeed.com/rc/clk?jk=21ba4e8475b1a1ed&fccid=c0ca809012c69b8d&vjs=3
174,http://www.indeed.com/rc/clk?jk=89b2e98d4af3325f&fccid=761c44c17d636bfe&vjs=3
175,http://www.indeed.com/rc/clk?jk=915606c6a560277d&fccid=10c1f2532daaed15&vjs=3
176,http://www.indeed.com/rc/clk?jk=2e56d67abbb61d7d&fccid=85806092f576a90e&vjs=3
177,http://www.indeed.com/rc/clk?jk=d37cbf98e7491ec2&fccid=65495c3aac7d0482&vjs=3
178,http://www.indeed.com/rc/clk?jk=b52fbcf824f5b76e&fccid=b708b501e1259f31&vjs=3
179,http://www.indeed.com/rc/clk?jk=be59738eabfe0a60&fccid=e0368d24cb0bc926&vjs=3
180,http://www.indeed.com/rc/clk?jk=de3a179e889719d3&fccid=8d3fa6fb419a77bc&vjs=3
181,http://www.indeed.com/rc/clk?jk=dc69fd7d08988b9c&fccid=12e41f7040f168e8&vjs=3
182,http://www.indeed.com/rc/clk?jk=646a1d7da3539dc3&fccid=372e76ce98eaf25d&vjs=3
183,http://www.indeed.com/rc/clk?jk=ca79ed435ca66c1e&fccid=734cb5a01ee60f80&vjs=3
184,http://www.indeed.com/rc/clk?jk=52017b66160e5f3e&fccid=ae0c894528aa6eee&vjs=3
185,http://www.indeed.com/rc/clk?jk=03b4d4a8d6e7dbe0&fccid=56d2514a657ddf6c&vjs=3
186,http://www.indeed.com/rc/clk?jk=6adae84d30913073&fccid=822bc5d9a49270ea&vjs=3
187,http://www.indeed.com/rc/clk?jk=29f56e589cac4ca0&fccid=4fbc4ebd829fd708&vjs=3
188,http://www.indeed.com/rc/clk?jk=44d406f68d42063c&fccid=b533ab2927d30db7&vjs=3
189,http://www.indeed.com/rc/clk?jk=687b6d03e751e6f3&fccid=ef7baf20029ffef8&vjs=3
190,http://www.indeed.com/rc/clk?jk=7e6bcb26ca94ce2a&fccid=cf94dd0699579ae3&vjs=3
191,http://www.indeed.com/rc/clk?jk=da2e1301fad3602a&fccid=f766f8bfbc3effb7&vjs=3
192,http://www.indeed.com/rc/clk?jk=b5c92bd27fef10a0&fccid=8c49e99f20f89e48&vjs=3
193,http://www.indeed.com/rc/clk?jk=076653b42d31a422&fccid=7136762d065a5ad7&vjs=3
194,http://www.indeed.com/rc/clk?jk=6711a5f78d74d5cb&fccid=232d2677a5ec1087&vjs=3
195,http://www.indeed.com/rc/clk?jk=855decf67be580ed&fccid=7136762d065a5ad7&vjs=3
196,http://www.indeed.com/rc/clk?jk=063d4b1cf314843f&fccid=ace55edc38c1054b&vjs=3
197,http://www.indeed.com/rc/clk?jk=1a019872d8b54ec4&fccid=ca94b6e9b2058331&vjs=3
198,http://www.indeed.com/rc/clk?jk=9050af100ab13364&fccid=2d9eef72f69af116&vjs=3
199,http://www.indeed.com/rc/clk?jk=59a321e947fc3d53&fccid=105ecfd0283f415f&vjs=3
200,http://www.indeed.com/rc/clk?jk=eab2d9cafbed6d4b&fccid=913e1b259c8d65e2&vjs=3
201,http://www.indeed.com/rc/clk?jk=5799667c8bfc2de4&fccid=10b1f58e33d8d2a8&vjs=3
202,http://www.indeed.com/rc/clk?jk=9ce4ee2aad5534c3&fccid=b868f07d84101767&vjs=3
203,http://www.indeed.com/rc/clk?jk=9655f3c69b98adcf&fccid=4e38a52de79c10f9&vjs=3
204,http://www.indeed.com/rc/clk?jk=e05c00df1a9b0670&fccid=794cd326a07c90fc&vjs=3
205,http://www.indeed.com/rc/clk?jk=9050af100ab13364&fccid=2d9eef72f69af116&vjs=3
206,http://www.indeed.com/rc/clk?jk=b75bd130aa580e1e&fccid=536f99c1c2da7f57&vjs=3
207,http://www.indeed.com/rc/clk?jk=51b0735e7d2e01d8&fccid=51c576784f5d7c9d&vjs=3
208,http://www.indeed.com/rc/clk?jk=4520d1889140c487&fccid=6c6f37e2a6cb4c55&vjs=3
209,http://www.indeed.com/rc/clk?jk=a23dc121aa305a80&fccid=dd8faba73f1c89ec&vjs=3
210,http://www.indeed.com/rc/clk?jk=04c23abfd3d600fa&fccid=8c49e99f20f89e48&vjs=3
211,http://www.indeed.com/rc/clk?jk=cdf4df098608f040&fccid=e24a60f01d1882d1&vjs=3
212,http://www.indeed.com/rc/clk?jk=d3fca36a192dc0c6&fccid=de71a49b535e21cb&vjs=3
213,http://www.indeed.com/rc/clk?jk=3095e1f68a1fa810&fccid=1fc7fdf0baeeb13b&vjs=3
214,http://www.indeed.com/rc/clk?jk=e2ee8173756a5d9c&fccid=f766f8bfbc3effb7&vjs=3
215,http://www.indeed.com/rc/clk?jk=651becb2d2a95c22&fccid=0c39fb2c91742dcf&vjs=3
216,http://www.indeed.com/rc/clk?jk=6440688547b43f72&fccid=a53f408259ebbafa&vjs=3
217,http://www.indeed.com/rc/clk?jk=36b3ad4460dbfcac&fccid=7c20802ef18b45df&vjs=3
218,http://www.indeed.com/rc/clk?jk=790ffd05b9f0567d&fccid=a7c5036618407010&vjs=3
219,http://www.indeed.com/rc/clk?jk=098bdd28741d944a&fccid=2973259ddc967948&vjs=3
220,http://www.indeed.com/rc/clk?jk=0d6bebabfcc94310&fccid=1b402947d7217e0d&vjs=3
221,http://www.indeed.com/rc/clk?jk=73c1be8fe9b49e3f&fccid=f766f8bfbc3effb7&vjs=3
222,http://www.indeed.com/rc/clk?jk=09271e1d2e1bdbc9&fccid=aa697d87194aec14&vjs=3
223,http://www.indeed.com/rc/clk?jk=88ab7a63f9325f70&fccid=f766f8bfbc3effb7&vjs=3
224,http://www.indeed.com/rc/clk?jk=d5aae36fc310bb89&fccid=68bc43ebf2f50281&vjs=3
225,http://www.indeed.com/rc/clk?jk=831decb4e2a0b698&fccid=b85c5070c3d3d8c8&vjs=3
226,http://www.indeed.com/rc/clk?jk=48dd86589b7a0df9&fccid=73600876f0c59a87&vjs=3
227,http://www.indeed.com/rc/clk?jk=e65d7878e7fd22a6&fccid=1ae48412754511fd&vjs=3
228,http://www.indeed.com/rc/clk?jk=666a8cff65ce8093&fccid=76644a33987f2488&vjs=3
229,http://www.indeed.com/rc/clk?jk=0bb1df5c13ed7fdd&fccid=160efb82f2462f14&vjs=3
230,http://www.indeed.com/rc/clk?jk=90788dd8fde2b0d8&fccid=fe404d18bb9eef1e&vjs=3
231,http://www.indeed.com/rc/clk?jk=dd862b8711306a3b&fccid=46b1aa6b464bae94&vjs=3
232,http://www.indeed.com/rc/clk?jk=575961709c9b6abd&fccid=57e4f1a84f2d849b&vjs=3
233,http://www.indeed.com/rc/clk?jk=7b548bc89358e83f&fccid=899effd7703c93d7&vjs=3
234,http://www.indeed.com/rc/clk?jk=92bf09055a3c4416&fccid=58b08015e70631d8&vjs=3
235,http://www.indeed.com/rc/clk?jk=8372136899eb2807&fccid=1f14be8e5b504518&vjs=3
236,http://www.indeed.com/rc/clk?jk=44d406f68d42063c&fccid=b533ab2927d30db7&vjs=3
237,http://www.indeed.com/rc/clk?jk=f5a1e8831fc088db&fccid=734cb5a01ee60f80&vjs=3
238,http://www.indeed.com/rc/clk?jk=5edc6e842a695d73&fccid=f5425b284f86f983&vjs=3
239,http://www.indeed.com/rc/clk?jk=75b8e7f65f403215&fccid=756537cd73891813&vjs=3
240,http://www.indeed.com/rc/clk?jk=43b153fcadba95f5&fccid=a5b4499d9e91a5c6&vjs=3
241,http://www.indeed.com/rc/clk?jk=b485521dd0cffb12&fccid=de71a49b535e21cb&vjs=3
242,http://www.indeed.com/rc/clk?jk=249cb9952c58cbe7&fccid=16c02f36bac8d66b&vjs=3
243,http://www.indeed.com/rc/clk?jk=70412c18f3be0f2e&fccid=85806092f576a90e&vjs=3
244,http://www.indeed.com/rc/clk?jk=b2312edf488a1afb&fccid=8cdd93287575c8ff&vjs=3
245,http://www.indeed.com/rc/clk?jk=dbbba2812d3b31bc&fccid=dcec59f3cb438951&vjs=3
246,http://www.indeed.com/rc/clk?jk=f42dacae3d7b6cbb&fccid=d5d8f5bf0085c021&vjs=3
247,http://www.indeed.com/rc/clk?jk=e09e7e63b6de92fb&fccid=822bc5d9a49270ea&vjs=3
248,http://www.indeed.com/rc/clk?jk=6ff45aec313d3bf2&fccid=e41a4055a18ec362&vjs=3
249,http://www.indeed.com/rc/clk?jk=25b8fd5822c8825b&fccid=8ed31bcef512acb4&vjs=3
250,http://www.indeed.com/rc/clk?jk=d3889e40c4c992e7&fccid=12626f295bf6a003&vjs=3
251,http://www.indeed.com/rc/clk?jk=c31dc4c5ff5def3e&fccid=8e9ae7de18dcd13e&vjs=3
252,http://www.indeed.com/rc/clk?jk=8f87c97458881fc8&fccid=822bc5d9a49270ea&vjs=3
253,http://www.indeed.com/rc/clk?jk=e28dad4d1a130d36&fccid=17207abe925a4313&vjs=3
254,http://www.indeed.com/rc/clk?jk=2b274e8de6f2308e&fccid=9ab933a50b7d7a98&vjs=3
255,http://www.indeed.com/rc/clk?jk=d9649349981c4a9f&fccid=ff3bc00ab9104f19&vjs=3
256,http://www.indeed.com/rc/clk?jk=8107c72a79a1bef7&fccid=c5c99ec01e2125aa&vjs=3
257,http://www.indeed.com/rc/clk?jk=5595a1abd3c0175f&fccid=f766f8bfbc3effb7&vjs=3
258,http://www.indeed.com/rc/clk?jk=6005490eab57e75f&fccid=34938366d45106af&vjs=3
259,http://www.indeed.com/rc/clk?jk=3dc5a440a8d1b30b&fccid=f29ed14ab66f467f&vjs=3
260,http://www.indeed.com/rc/clk?jk=3ed3d1756fc33dc5&fccid=9a4f13cfc6042a6a&vjs=3
261,http://www.indeed.com/rc/clk?jk=682d4e0160c7286e&fccid=7e75c6fb7c48bdcd&vjs=3
262,http://www.indeed.com/rc/clk?jk=38dcd15d8290cbbc&fccid=1639254ea84748b5&vjs=3
263,http://www.indeed.com/rc/clk?jk=320a87f181496cd6&fccid=66d394411dd2efad&vjs=3
264,http://www.indeed.com/rc/clk?jk=c3e61e1771e9260a&fccid=d3d3520998346837&vjs=3
265,http://www.indeed.com/rc/clk?jk=68ed63c9df88891a&fccid=ee32437d8dec00bd&vjs=3
266,http://www.indeed.com/rc/clk?jk=5a64eea9c1f2a2d2&fccid=3fc1e7f5af93d293&vjs=3
267,http://www.indeed.com/rc/clk?jk=10115f518d814964&fccid=863ad2cc91c92c82&vjs=3
268,http://www.indeed.com/rc/clk?jk=eada4bcc3fa92fc0&fccid=f766f8bfbc3effb7&vjs=3
269,http://www.indeed.com/rc/clk?jk=c809bfc804aca67f&fccid=dc156e4b91443100&vjs=3
270,http://www.indeed.com/rc/clk?jk=ad9023d7d014c3d3&fccid=f766f8bfbc3effb7&vjs=3
271,http://www.indeed.com/rc/clk?jk=551178f123e1e160&fccid=3a1edc2d763c4288&vjs=3
272,http://www.indeed.com/rc/clk?jk=5911c1cc49ba922f&fccid=c1099851e9794854&vjs=3
273,http://www.indeed.com/rc/clk?jk=268e1a5f60c060f7&fccid=50208b5bf45ee3b8&vjs=3
274,http://www.indeed.com/rc/clk?jk=79618d9c364b37a5&fccid=df69b0ebcdfb7759&vjs=3
275,http://www.indeed.com/rc/clk?jk=43b153fcadba95f5&fccid=a5b4499d9e91a5c6&vjs=3
276,http://www.indeed.com/rc/clk?jk=75502d1871af63fa&fccid=1639254ea84748b5&vjs=3
277,http://www.indeed.com/rc/clk?jk=402ca240dbeba529&fccid=837bf790761c391a&vjs=3
278,http://www.indeed.com/rc/clk?jk=cdcbe56f4478aedb&fccid=de71a49b535e21cb&vjs=3
279,http://www.indeed.com/rc/clk?jk=5911c1cc49ba922f&fccid=c1099851e9794854&vjs=3
280,http://www.indeed.com/rc/clk?jk=3dcdc7c7f02b4984&fccid=83e76295c6233db5&vjs=3
281,http://www.indeed.com/rc/clk?jk=1df0684e84d4f8af&fccid=af61bf95b89c7cb2&vjs=3
282,http://www.indeed.com/rc/clk?jk=950d7ac946dce5e8&fccid=734cb5a01ee60f80&vjs=3
283,http://www.indeed.com/rc/clk?jk=826b22d678912a66&fccid=c1099851e9794854&vjs=3
284,http://www.indeed.com/rc/clk?jk=cbae9d7125a2764c&fccid=1f46c8b913449a16&vjs=3
285,http://www.indeed.com/rc/clk?jk=0b1dd45c794e946b&fccid=2207e4358b366577&vjs=3
286,http://www.indeed.com/rc/clk?jk=06a96b1c4aa16dad&fccid=90332a0f1cb13707&vjs=3
287,http://www.indeed.com/rc/clk?jk=2301b9b2796b91d8&fccid=d6b14f296be0b55c&vjs=3
288,http://www.indeed.com/rc/clk?jk=99e074176d96b0a7&fccid=053c0caee91baa24&vjs=3
289,http://www.indeed.com/rc/clk?jk=c8045b8ddc9dab49&fccid=af0ca033223e5c78&vjs=3
290,http://www.indeed.com/rc/clk?jk=34904564505b7236&fccid=7136762d065a5ad7&vjs=3
291,http://www.indeed.com/rc/clk?jk=d94f6a6d74afc00c&fccid=53242361973750f7&vjs=3
292,http://www.indeed.com/rc/clk?jk=0f99b247143621e9&fccid=6ce7e0d9f67a9961&vjs=3
293,http://www.indeed.com/rc/clk?jk=e92885c905c51719&fccid=2d949908fcb6b985&vjs=3
294,http://www.indeed.com/rc/clk?jk=315e0d6613a9c151&fccid=9a4f13cfc6042a6a&vjs=3
295,http://www.indeed.com/rc/clk?jk=210c118d3ab117e9&fccid=2bb19715b3cb96ff&vjs=3
296,http://www.indeed.com/rc/clk?jk=59197a895132f658&fccid=822bc5d9a49270ea&vjs=3
297,http://www.indeed.com/rc/clk?jk=225f1fed4a343683&fccid=b8df555617879658&vjs=3
298,http://www.indeed.com/rc/clk?jk=0a12bfba884911ed&fccid=347529ce49ee92b3&vjs=3
299,http://www.indeed.com/rc/clk?jk=e936e951517791c5&fccid=fb8c600017049979&vjs=3
300,http://www.indeed.com/rc/clk?jk=a16361e14a6ddfe0&fccid=13785db0e9e260f0&vjs=3
301,http://www.indeed.com/rc/clk?jk=b672827e595ad0f4&fccid=1639254ea84748b5&vjs=3
302,http://www.indeed.com/rc/clk?jk=b6963c644e3ecddc&fccid=abd152d6cfac9810&vjs=3
303,http://www.indeed.com/rc/clk?jk=3296f34f213da3d9&fccid=9a5cf6c05095891b&vjs=3
304,http://www.indeed.com/rc/clk?jk=3ed3d1756fc33dc5&fccid=9a4f13cfc6042a6a&vjs=3
305,http://www.indeed.com/rc/clk?jk=6a17cb20e735d5b7&fccid=29269ea3f8c41416&vjs=3
306,http://www.indeed.com/rc/clk?jk=76209553e01879d6&fccid=9ab933a50b7d7a98&vjs=3
307,http://www.indeed.com/rc/clk?jk=3bfa30d4b3c2664c&fccid=476ddd962c2b5d99&vjs=3
308,http://www.indeed.com/rc/clk?jk=5b49bdf244b2e5e9&fccid=a92edf9bedf0089b&vjs=3
309,http://www.indeed.com/rc/clk?jk=408dfb7325ca9ed1&fccid=290a4498a64fc044&vjs=3
310,http://www.indeed.com/rc/clk?jk=077556ce37a818e6&fccid=f766f8bfbc3effb7&vjs=3
311,http://www.indeed.com/rc/clk?jk=43441b512ee5ab2d&fccid=232d2677a5ec1087&vjs=3
312,http://www.indeed.com/rc/clk?jk=4df5e9a053f32646&fccid=e9870e3159e9c6ac&vjs=3
313,http://www.indeed.com/rc/clk?jk=5e00a8cabdde93b7&fccid=ec798be206d0335c&vjs=3
314,http://www.indeed.com/rc/clk?jk=4f7ab10329d7666b&fccid=1c70eede37c5caee&vjs=3
315,http://www.indeed.com/rc/clk?jk=51b0735e7d2e01d8&fccid=51c576784f5d7c9d&vjs=3
316,http://www.indeed.com/rc/clk?jk=7ee076ef0e5fc00c&fccid=3df1bc56cfc00123&vjs=3
317,http://www.indeed.com/rc/clk?jk=4bea9d0b4a61b073&fccid=8a931af93d1f4f3b&vjs=3
318,http://www.indeed.com/rc/clk?jk=692023948fe9efd6&fccid=aaa155ab940e8e31&vjs=3
319,http://www.indeed.com/rc/clk?jk=4d31992c146cdd50&fccid=fd09b0e0062f9627&vjs=3
320,http://www.indeed.com/rc/clk?jk=411706cd5f752bf1&fccid=7a3824693ee1074b&vjs=3
321,http://www.indeed.com/rc/clk?jk=2312756a4ff4a197&fccid=50208b5bf45ee3b8&vjs=3
322,http://www.indeed.com/rc/clk?jk=f52ffd1336c47c5c&fccid=f766f8bfbc3effb7&vjs=3
323,http://www.indeed.com/rc/clk?jk=2ddb23f0cd270b04&fccid=6a49665f89972ee4&vjs=3
324,http://www.indeed.com/rc/clk?jk=a921b903156fb23d&fccid=7136762d065a5ad7&vjs=3
325,http://www.indeed.com/rc/clk?jk=26ec6c1182cd0294&fccid=75e81866cfa9e988&vjs=3
326,http://www.indeed.com/rc/clk?jk=2c49c4c1cc96844d&fccid=49d1e66f8b715867&vjs=3
327,http://www.indeed.com/rc/clk?jk=eaf39ddc86a22274&fccid=216eb700022de6f6&vjs=3
328,http://www.indeed.com/rc/clk?jk=8f0cfe80a1cc0291&fccid=2a0f0d72df055fef&vjs=3
329,http://www.indeed.com/rc/clk?jk=84bdd6f1df6e103a&fccid=de7d5349a65139c4&vjs=3
330,http://www.indeed.com/rc/clk?jk=a2fbd2d1b7f1b504&fccid=cdd85c4d445cce0f&vjs=3
331,http://www.indeed.com/rc/clk?jk=675225e30f38f5f4&fccid=7b30acc4ace82348&vjs=3
332,http://www.indeed.com/rc/clk?jk=5c1455b4cccafe61&fccid=5507a64404691526&vjs=3
333,http://www.indeed.com/rc/clk?jk=4322dde7a37a3bfb&fccid=873988f60c379d52&vjs=3
334,http://www.indeed.com/rc/clk?jk=43b153fcadba95f5&fccid=a5b4499d9e91a5c6&vjs=3
335,http://www.indeed.com/rc/clk?jk=b7c1dfb069011b83&fccid=cba94a481c16bedf&vjs=3
336,http://www.indeed.com/rc/clk?jk=da3213009f1ca411&fccid=4fe54963af81755f&vjs=3
337,http://www.indeed.com/rc/clk?jk=5d1872e4e49572a5&fccid=91bbe5abd5c92a78&vjs=3
338,http://www.indeed.com/rc/clk?jk=62d6de8e6e3186fd&fccid=347529ce49ee92b3&vjs=3
339,http://www.indeed.com/rc/clk?jk=4322dde7a37a3bfb&fccid=873988f60c379d52&vjs=3
340,http://www.indeed.com/rc/clk?jk=eaa57338e1f3f8c1&fccid=3589eb1fbcc98a53&vjs=3
341,http://www.indeed.com/rc/clk?jk=e77510e64f52b794&fccid=868297b060b46b2b&vjs=3
342,http://www.indeed.com/rc/clk?jk=f568a2a661e71679&fccid=8a2e5e25a9623039&vjs=3
343,http://www.indeed.com/rc/clk?jk=cdf4488bd98e6a46&fccid=e9870e3159e9c6ac&vjs=3
344,http://www.indeed.com/rc/clk?jk=1a019872d8b54ec4&fccid=ca94b6e9b2058331&vjs=3
345,http://www.indeed.com/rc/clk?jk=57dcde19528d39bd&fccid=3c2181d40a370308&vjs=3
346,http://www.indeed.com/rc/clk?jk=0aa1c3aed0c1a8e8&fccid=f7029f63fe5c906e&vjs=3
347,http://www.indeed.com/rc/clk?jk=05939294395b179e&fccid=0b131de21ec2e293&vjs=3
348,http://www.indeed.com/rc/clk?jk=c809bfc804aca67f&fccid=dc156e4b91443100&vjs=3
349,http://www.indeed.com/rc/clk?jk=3d8195ac2c5717de&fccid=bf41b5e82158f218&vjs=3
350,http://www.indeed.com/rc/clk?jk=3f779ba1028d3c0c&fccid=c2c6a7536e4d9df3&vjs=3
351,http://www.indeed.com/rc/clk?jk=9256ff5a9043bf9e&fccid=f7029f63fe5c906e&vjs=3
352,http://www.indeed.com/rc/clk?jk=b75bd130aa580e1e&fccid=536f99c1c2da7f57&vjs=3
353,http://www.indeed.com/rc/clk?jk=71f7974c13336832&fccid=c91b98a439c0210c&vjs=3
354,http://www.indeed.com/rc/clk?jk=97bf07d813384394&fccid=f89deb5a97c7738a&vjs=3
355,http://www.indeed.com/rc/clk?jk=825a43a097deb49a&fccid=61b330b512270335&vjs=3
356,http://www.indeed.com/rc/clk?jk=c22e6175002be165&fccid=dd3b0a1fc99fe359&vjs=3
357,http://www.indeed.com/rc/clk?jk=858a10ae6b38be43&fccid=16d24b4316c5d97f&vjs=3
358,http://www.indeed.com/rc/clk?jk=ada09294f1a32f9b&fccid=f334737e3fd6818e&vjs=3
359,http://www.indeed.com/rc/clk?jk=6de01fc8f18826de&fccid=fe404d18bb9eef1e&vjs=3
360,http://www.indeed.com/rc/clk?jk=41549a9c059d731d&fccid=fcbd02e4c90e5fbb&vjs=3
361,http://www.indeed.com/rc/clk?jk=76f5d7d0a69c2b86&fccid=66403b30a2c0d89c&vjs=3
362,http://www.indeed.com/rc/clk?jk=670a141b319ffaca&fccid=1c70eede37c5caee&vjs=3
363,http://www.indeed.com/rc/clk?jk=f49dd4fd2dc130c1&fccid=d25ac7a5bf56a635&vjs=3
364,http://www.indeed.com/rc/clk?jk=f9453f6867beb01e&fccid=6e9166ecf7604472&vjs=3
365,http://www.indeed.com/rc/clk?jk=1b3cece85a1d070e&fccid=fc49ba29ac1ff036&vjs=3
366,http://www.indeed.com/rc/clk?jk=637b097996d39feb&fccid=1ddb91d85c72e885&vjs=3
367,http://www.indeed.com/rc/clk?jk=90ba038631c26db9&fccid=f7c8eec055f527af&vjs=3
368,http://www.indeed.com/rc/clk?jk=e32eceb3a565a91f&fccid=4119dbe6376e7595&vjs=3
369,http://www.indeed.com/rc/clk?jk=0b1f0e9c9032759c&fccid=09abad886b83c501&vjs=3
370,http://www.indeed.com/rc/clk?jk=5fc91babf1a925e3&fccid=11caadcdc98800d4&vjs=3
371,http://www.indeed.com/rc/clk?jk=26e16e48a8d175b9&fccid=ad5cd49e0f99383f&vjs=3
372,http://www.indeed.com/rc/clk?jk=2a4b74f05f80b0bb&fccid=027d7cca25a5d14f&vjs=3
373,http://www.indeed.com/rc/clk?jk=1da79598fcf1545e&fccid=6945a49c8dcc096e&vjs=3
374,http://www.indeed.com/rc/clk?jk=102aaf27e3224083&fccid=0562f887e2bed9ea&vjs=3
375,http://www.indeed.com/rc/clk?jk=59197a895132f658&fccid=822bc5d9a49270ea&vjs=3
376,http://www.indeed.com/rc/clk?jk=4df63351a47d936f&fccid=de6a7f640562b0c1&vjs=3
377,http://www.indeed.com/rc/clk?jk=411706cd5f752bf1&fccid=7a3824693ee1074b&vjs=3
378,http://www.indeed.com/rc/clk?jk=1f121b1dc53bd65d&fccid=fe2d21eef233e94a&vjs=3
379,http://www.indeed.com/rc/clk?jk=ee83e5c4001c5c30&fccid=a2db557e51b543c4&vjs=3
380,http://www.indeed.com/rc/clk?jk=d80093e88631bfe4&fccid=0918a251e6902f97&vjs=3
381,http://www.indeed.com/rc/clk?jk=102aaf27e3224083&fccid=0562f887e2bed9ea&vjs=3
382,http://www.indeed.com/rc/clk?jk=9fd5663d4f7a5721&fccid=20fadeab52a7e4cd&vjs=3
383,http://www.indeed.com/rc/clk?jk=f762a1ef49af0d76&fccid=586c8a8a205f16bb&vjs=3
384,http://www.indeed.com/rc/clk?jk=d7219a82f481f839&fccid=3f645bf7b8fa2423&vjs=3
385,http://www.indeed.com/rc/clk?jk=e2c9eff6454886e5&fccid=ef63980be6005ec6&vjs=3
386,http://www.indeed.com/rc/clk?jk=9add2486ead4d3af&fccid=af1f9ae059f21294&vjs=3
387,http://www.indeed.com/rc/clk?jk=7029e1f472135080&fccid=38eca8156471a9d2&vjs=3
388,http://www.indeed.com/rc/clk?jk=c311d594d1c89de3&fccid=7077d7e88049c02a&vjs=3
389,http://www.indeed.com/rc/clk?jk=7b548bc89358e83f&fccid=899effd7703c93d7&vjs=3
390,http://www.indeed.com/rc/clk?jk=c8e2b56ef7b5b6a8&fccid=35b6f6b34775cba2&vjs=3
391,http://www.indeed.com/rc/clk?jk=838cc676745d05d0&fccid=5de0327f3a397d55&vjs=3
392,http://www.indeed.com/rc/clk?jk=9985e1a35167a92f&fccid=1639254ea84748b5&vjs=3
393,http://www.indeed.com/rc/clk?jk=e311711ef526387a&fccid=5d958cc64f057ad2&vjs=3
394,http://www.indeed.com/rc/clk?jk=70412c18f3be0f2e&fccid=85806092f576a90e&vjs=3
395,http://www.indeed.com/rc/clk?jk=3c65dd07a4c8fa46&fccid=e76dadb9a0d8a2cf&vjs=3
396,http://www.indeed.com/rc/clk?jk=8b8990fbb06fad6a&fccid=b57af5a03d862ec6&vjs=3
397,http://www.indeed.com/rc/clk?jk=6edfc5bd8aac7d3b&fccid=8b62c390e026359a&vjs=3
398,http://www.indeed.com/rc/clk?jk=85a24b62479fad81&fccid=822bc5d9a49270ea&vjs=3
399,http://www.indeed.com/rc/clk?jk=5c2644d016b6839d&fccid=dbfa0628efe7b5d8&vjs=3
400,http://www.indeed.com/rc/clk?jk=402ca240dbeba529&fccid=837bf790761c391a&vjs=3
401,http://www.indeed.com/rc/clk?jk=5f5c0e2095c1113b&fccid=f9166b95c3f1bc44&vjs=3
402,http://www.indeed.com/rc/clk?jk=1b735873b1d7bdbe&fccid=1196f2e3f43d848d&vjs=3
403,http://www.indeed.com/rc/clk?jk=fa9578804e2928bc&fccid=5293fc0698a59268&vjs=3
404,http://www.indeed.com/rc/clk?jk=f64358038dd0327a&fccid=e30562474c83900b&vjs=3
405,http://www.indeed.com/rc/clk?jk=527358d54c9464a0&fccid=efc7ea32b658f485&vjs=3
406,http://www.indeed.com/rc/clk?jk=f2ead322607da2da&fccid=5b5ff14376fa6f29&vjs=3
407,http://www.indeed.com/rc/clk?jk=a48c433ec28f25d8&fccid=b6e80abbe732699d&vjs=3
408,http://www.indeed.com/rc/clk?jk=51ef41a1bbc7fb90&fccid=2b729a58adb07ae5&vjs=3
409,http://www.indeed.com/rc/clk?jk=c8af6c9f2c148b18&fccid=b8df555617879658&vjs=3
410,http://www.indeed.com/rc/clk?jk=5fbd8c7c661676d4&fccid=d124dbfd3785b597&vjs=3
411,http://www.indeed.com/rc/clk?jk=9eeb84144b144bf5&fccid=3c74eafe288fc8ca&vjs=3
412,http://www.indeed.com/rc/clk?jk=ab41bc944cdc8ea7&fccid=2c62e4de04b8f952&vjs=3
413,http://www.indeed.com/rc/clk?jk=36f52ddeed102607&fccid=def0345f99ba0884&vjs=3
414,http://www.indeed.com/rc/clk?jk=2141d455f0614575&fccid=fe404d18bb9eef1e&vjs=3
415,http://www.indeed.com/rc/clk?jk=83c02bc3446a5bd3&fccid=35a91adc30d9ede0&vjs=3
416,http://www.indeed.com/rc/clk?jk=79b31a9620acffa1&fccid=66403b30a2c0d89c&vjs=3
417,http://www.indeed.com/rc/clk?jk=3062daa116a1b966&fccid=e2f8d6934fd95c43&vjs=3
418,http://www.indeed.com/rc/clk?jk=7b579db6e6c4411b&fccid=6babef4507d490d2&vjs=3
419,http://www.indeed.com/rc/clk?jk=846f12b6bacb5a86&fccid=fe2d21eef233e94a&vjs=3
420,http://www.indeed.com/rc/clk?jk=88ab7a63f9325f70&fccid=f766f8bfbc3effb7&vjs=3
421,http://www.indeed.com/rc/clk?jk=5e67e4f494d9ad98&fccid=1779658d5b4ae2b0&vjs=3
422,http://www.indeed.com/rc/clk?jk=7a482f37f2f025fc&fccid=f766f8bfbc3effb7&vjs=3
423,http://www.indeed.com/rc/clk?jk=2b84203eec794c60&fccid=d978045561911d24&vjs=3
424,http://www.indeed.com/rc/clk?jk=c904fedc1bd36280&fccid=20fadeab52a7e4cd&vjs=3
425,http://www.indeed.com/rc/clk?jk=6e8cb31d77398803&fccid=95fa2b94b684ec6b&vjs=3
